fecha,abrir,max,min,CloseClose price adjusted for splits.,Adj CloseAdjusted close price adjusted for splits and dividend and/or capital gain distributions.,volumen
"May 9, 2025",290.21,307.04,290.00,298.26,298.26,"132,079,700"
"May 8, 2025",279.63,289.80,279.41,284.82,284.82,"97,539,400"
"May 7, 2025",276.88,277.92,271.00,276.22,276.22,"71,882,400"
"May 6, 2025",273.11,277.73,271.35,275.35,275.35,"76,715,800"
"May 5, 2025",284.57,284.85,274.40,280.26,280.26,"94,618,900"
"May 2, 2025",284.90,294.78,279.81,287.21,287.21,"114,454,700"
"May 1, 2025",280.01,290.87,279.81,280.52,280.52,"99,659,000"
"Apr 30, 2025",279.90,284.45,270.78,282.16,282.16,"128,961,100"
"Apr 29, 2025",285.50,293.32,279.47,292.03,292.03,"108,906,600"
"Apr 28, 2025",288.98,294.86,272.42,285.88,285.88,"151,731,800"
"Apr 25, 2025",261.69,286.85,259.63,284.95,284.95,"167,560,700"
"Apr 24, 2025",250.50,259.54,249.20,259.51,259.51,"94,464,200"
"Apr 23, 2025",254.86,259.45,244.43,250.74,250.74,"150,381,900"
"Apr 22, 2025",230.96,242.79,229.85,237.97,237.97,"120,858,500"
"Apr 21, 2025",230.26,232.21,222.79,227.50,227.50,"97,768,000"
"Apr 17, 2025",243.47,244.34,237.68,241.37,241.37,"83,404,800"
"Apr 16, 2025",247.61,251.97,233.89,241.55,241.55,"112,378,700"
"Apr 15, 2025",249.91,258.75,247.54,254.11,254.11,"79,594,300"
"Apr 14, 2025",258.36,261.80,245.93,252.35,252.35,"100,135,200"
"Apr 11, 2025",251.84,257.74,241.36,252.31,252.31,"128,948,100"
"Apr 10, 2025",260.00,262.49,239.33,252.40,252.40,"181,722,600"
"Apr 9, 2025",224.69,274.69,223.88,272.20,272.20,"219,433,400"
"Apr 8, 2025",245.00,250.44,217.80,221.86,221.86,"171,603,500"
"Apr 7, 2025",223.78,252.00,214.25,233.29,233.29,"183,453,800"
"Apr 4, 2025",255.38,261.00,236.00,239.43,239.43,"181,229,400"
"Apr 3, 2025",265.29,276.30,261.51,267.28,267.28,"136,174,300"
"Apr 2, 2025",254.60,284.99,251.27,282.76,282.76,"212,787,800"
"Apr 1, 2025",263.80,277.45,259.25,268.46,268.46,"146,486,900"
"Mar 31, 2025",249.31,260.56,243.36,259.16,259.16,"134,008,900"
"Mar 28, 2025",275.58,276.10,260.57,263.55,263.55,"123,809,400"
"Mar 27, 2025",272.48,291.85,271.82,273.13,273.13,"162,572,100"
"Mar 26, 2025",282.66,284.90,266.51,272.06,272.06,"153,629,800"
"Mar 25, 2025",283.60,288.20,271.28,288.14,288.14,"150,361,500"
"Mar 24, 2025",258.08,278.64,256.33,278.39,278.39,"169,079,900"
"Mar 21, 2025",234.99,249.52,234.55,248.71,248.71,"132,728,700"
"Mar 20, 2025",233.35,238.00,230.05,236.26,236.26,"99,028,300"
"Mar 19, 2025",231.61,241.41,229.20,235.86,235.86,"111,993,800"
"Mar 18, 2025",228.16,230.10,222.28,225.31,225.31,"111,477,600"
"Mar 17, 2025",245.06,245.40,232.80,238.01,238.01,"111,900,600"
"Mar 14, 2025",247.31,251.58,240.73,249.98,249.98,"100,242,300"
"Mar 13, 2025",248.13,248.29,232.60,240.68,240.68,"114,813,500"
"Mar 12, 2025",247.22,251.84,241.10,248.09,248.09,"142,215,700"
"Mar 11, 2025",225.31,237.06,217.02,230.58,230.58,"174,896,400"
"Mar 10, 2025",252.54,253.37,220.00,222.15,222.15,"189,076,900"
"Mar 7, 2025",259.32,266.25,250.73,262.67,262.67,"102,369,600"
"Mar 6, 2025",272.06,272.65,260.02,263.45,263.45,"98,451,600"
"Mar 5, 2025",272.92,279.55,267.71,279.10,279.10,"94,042,900"
"Mar 4, 2025",270.93,284.35,261.84,272.04,272.04,"126,706,600"
"Mar 3, 2025",300.34,303.94,277.30,284.65,284.65,"115,551,400"
"Feb 28, 2025",279.50,293.88,273.60,292.98,292.98,"115,697,000"
"Feb 27, 2025",291.16,297.23,280.88,281.95,281.95,"101,748,200"
"Feb 26, 2025",303.71,309.00,288.04,290.80,290.80,"100,118,300"
"Feb 25, 2025",327.02,328.89,297.25,302.80,302.80,"134,228,800"
"Feb 24, 2025",338.14,342.40,324.70,330.53,330.53,"76,052,300"
"Feb 21, 2025",353.44,354.98,334.42,337.80,337.80,"74,058,600"
"Feb 20, 2025",361.51,362.30,348.00,354.40,354.40,"45,965,400"
"Feb 19, 2025",354.00,367.34,353.67,360.56,360.56,"67,094,400"
"Feb 18, 2025",355.01,359.10,350.02,354.11,354.11,"51,631,700"
"Feb 14, 2025",360.62,362.00,347.50,355.84,355.84,"68,277,300"
"Feb 13, 2025",345.00,358.69,342.85,355.94,355.94,"89,441,500"
"Feb 12, 2025",329.94,346.40,329.12,336.51,336.51,"105,382,700"
"Feb 11, 2025",345.80,349.37,325.10,328.50,328.50,"118,543,400"
"Feb 10, 2025",356.21,362.70,350.51,350.73,350.73,"77,514,900"
"Feb 7, 2025",370.19,380.55,360.34,361.62,361.62,"70,298,300"
"Feb 6, 2025",373.03,375.40,363.18,374.32,374.32,"77,918,200"
"Feb 5, 2025",387.51,388.39,375.53,378.17,378.17,"57,223,300"
"Feb 4, 2025",382.63,394.00,381.40,392.21,392.21,"57,072,200"
"Feb 3, 2025",386.68,389.17,374.36,383.68,383.68,"93,732,100"
"Jan 31, 2025",401.53,419.99,401.34,404.60,404.60,"83,568,200"
"Jan 30, 2025",410.78,412.50,384.41,400.28,400.28,"98,092,900"
"Jan 29, 2025",395.21,398.59,384.48,389.10,389.10,"68,033,600"
"Jan 28, 2025",396.91,400.59,386.50,398.09,398.09,"48,910,700"
"Jan 27, 2025",394.80,406.69,389.00,397.15,397.15,"58,125,500"
"Jan 24, 2025",414.45,418.88,405.78,406.58,406.58,"56,427,100"
"Jan 23, 2025",416.06,420.73,408.95,412.38,412.38,"50,690,600"
"Jan 22, 2025",416.81,428.00,414.59,415.11,415.11,"60,963,300"
"Jan 21, 2025",432.64,433.20,406.31,424.07,424.07,"87,320,900"
"Jan 17, 2025",421.50,439.74,419.75,426.50,426.50,"94,991,400"
"Jan 16, 2025",423.49,424.00,409.13,413.82,413.82,"68,335,200"
"Jan 15, 2025",409.90,429.80,405.66,428.22,428.22,"81,375,500"
"Jan 14, 2025",414.34,422.64,394.54,396.36,396.36,"84,565,000"
"Jan 13, 2025",383.21,403.79,380.07,403.31,403.31,"67,580,500"
"Jan 10, 2025",391.40,399.28,377.29,394.74,394.74,"62,287,300"
"Jan 8, 2025",392.95,402.50,387.40,394.94,394.94,"73,038,800"
"Jan 7, 2025",405.83,414.33,390.00,394.36,394.36,"75,699,500"
"Jan 6, 2025",423.20,426.43,401.70,411.05,411.05,"85,516,500"
"Jan 3, 2025",381.48,411.88,379.45,410.44,410.44,"95,423,300"
"Jan 2, 2025",390.10,392.73,373.04,379.28,379.28,"109,710,700"
"Dec 31, 2024",423.79,427.93,402.54,403.84,403.84,"76,825,100"
"Dec 30, 2024",419.40,427.00,415.75,417.41,417.41,"64,941,000"
"Dec 27, 2024",449.52,450.00,426.50,431.66,431.66,"82,666,800"
"Dec 26, 2024",465.16,465.33,451.02,454.13,454.13,"76,366,400"
"Dec 24, 2024",435.90,462.78,435.14,462.28,462.28,"59,551,800"
"Dec 23, 2024",431.00,434.51,415.41,430.60,430.60,"72,698,100"
"Dec 20, 2024",425.51,447.08,417.64,421.06,421.06,"132,216,200"
"Dec 19, 2024",451.88,456.36,420.02,436.17,436.17,"118,566,100"
"Dec 18, 2024",466.50,488.54,427.01,440.13,440.13,"149,340,800"
"Dec 17, 2024",475.90,483.99,457.51,479.86,479.86,"131,223,000"
"Dec 16, 2024",441.09,463.19,436.15,463.02,463.02,"114,083,800"
"Dec 13, 2024",420.00,436.30,415.71,436.23,436.23,"89,000,200"
"Dec 12, 2024",424.84,429.30,415.00,418.10,418.10,"87,752,200"
"Dec 11, 2024",409.70,424.88,402.38,424.77,424.77,"104,287,600"
"Dec 10, 2024",392.68,409.73,390.85,400.99,400.99,"97,563,600"
"Dec 9, 2024",397.61,404.80,378.01,389.79,389.79,"96,359,200"
"Dec 6, 2024",377.42,389.49,370.80,389.22,389.22,"81,455,800"
"Dec 5, 2024",359.87,375.43,359.50,369.49,369.49,"81,403,600"
"Dec 4, 2024",353.00,358.10,348.60,357.93,357.93,"50,810,900"
"Dec 3, 2024",351.80,355.69,348.20,351.42,351.42,"58,267,200"
"Dec 2, 2024",352.38,360.00,351.15,357.09,357.09,"77,986,500"
"Nov 29, 2024",336.08,345.45,334.65,345.16,345.16,"37,167,600"
"Nov 27, 2024",341.80,342.55,326.59,332.89,332.89,"57,896,400"
"Nov 26, 2024",341.00,346.96,335.66,338.23,338.23,"62,295,900"
"Nov 25, 2024",360.14,361.93,338.20,338.59,338.59,"95,890,900"
"Nov 22, 2024",341.09,361.53,337.70,352.56,352.56,"89,140,700"
"Nov 21, 2024",343.81,347.99,335.28,339.64,339.64,"58,011,700"
"Nov 20, 2024",345.00,346.60,334.30,342.03,342.03,"66,340,700"
"Nov 19, 2024",335.76,347.38,332.75,346.00,346.00,"88,852,500"
"Nov 18, 2024",340.73,348.55,330.01,338.74,338.74,"126,547,500"
"Nov 15, 2024",310.57,324.68,309.22,320.72,320.72,"114,440,300"
"Nov 14, 2024",327.69,329.98,310.37,311.18,311.18,"120,726,100"
"Nov 13, 2024",335.85,344.60,322.50,330.24,330.24,"125,405,600"
"Nov 12, 2024",342.74,345.84,323.31,328.49,328.49,"155,726,000"
"Nov 11, 2024",346.30,358.64,336.00,350.00,350.00,"210,521,600"
"Nov 8, 2024",299.14,328.71,297.66,321.22,321.22,"204,782,800"
"Nov 7, 2024",288.89,299.75,285.52,296.91,296.91,"117,309,200"
"Nov 6, 2024",284.67,289.59,275.62,288.53,288.53,"165,228,700"
"Nov 5, 2024",247.34,255.28,246.21,251.44,251.44,"69,282,500"
"Nov 4, 2024",244.56,248.90,238.88,242.84,242.84,"68,802,400"
"Nov 1, 2024",252.04,254.00,246.63,248.98,248.98,"57,544,800"
"Oct 31, 2024",257.99,259.75,249.25,249.85,249.85,"66,575,300"
"Oct 30, 2024",258.04,263.35,255.82,257.55,257.55,"53,993,600"
"Oct 29, 2024",264.51,264.98,255.51,259.52,259.52,"80,521,800"
"Oct 28, 2024",270.00,273.54,262.24,262.51,262.51,"107,653,600"
"Oct 25, 2024",256.01,269.49,255.32,269.19,269.19,"161,611,900"
"Oct 24, 2024",244.68,262.12,242.65,260.48,260.48,"204,491,900"
"Oct 23, 2024",217.13,218.72,212.11,213.65,213.65,"80,938,900"
"Oct 22, 2024",217.31,218.22,215.26,217.97,217.97,"43,268,700"
"Oct 21, 2024",218.90,220.48,215.73,218.85,218.85,"47,329,000"
"Oct 18, 2024",220.71,222.28,219.23,220.70,220.70,"49,611,900"
"Oct 17, 2024",221.59,222.08,217.90,220.89,220.89,"50,791,800"
"Oct 16, 2024",221.40,222.82,218.93,221.33,221.33,"49,632,800"
"Oct 15, 2024",220.01,224.26,217.12,219.57,219.57,"62,988,800"
"Oct 14, 2024",220.13,221.91,213.74,219.16,219.16,"86,291,900"
"Oct 11, 2024",220.13,223.34,214.38,217.80,217.80,"142,628,900"
"Oct 10, 2024",241.81,242.79,232.34,238.77,238.77,"83,087,100"
"Oct 9, 2024",243.82,247.43,239.51,241.05,241.05,"66,289,500"
"Oct 8, 2024",243.56,246.21,240.56,244.50,244.50,"56,303,200"
"Oct 7, 2024",249.00,249.83,240.70,240.83,240.83,"68,113,300"
"Oct 4, 2024",246.69,250.96,244.58,250.08,250.08,"86,573,200"
"Oct 3, 2024",244.48,249.79,237.81,240.66,240.66,"80,729,200"
"Oct 2, 2024",247.55,251.16,241.50,249.02,249.02,"93,983,900"
"Oct 1, 2024",262.67,263.98,248.53,258.02,258.02,"87,397,600"
"Sep 30, 2024",259.04,264.86,255.77,261.63,261.63,"80,705,700"
"Sep 27, 2024",257.38,260.70,254.12,260.46,260.46,"70,988,100"
"Sep 26, 2024",260.60,261.75,251.53,254.22,254.22,"67,142,200"
"Sep 25, 2024",252.54,257.05,252.28,257.02,257.02,"65,034,300"
"Sep 24, 2024",254.08,257.19,249.05,254.27,254.27,"88,491,000"
"Sep 23, 2024",242.61,250.00,241.92,250.00,250.00,"86,927,200"
"Sep 20, 2024",241.52,243.99,235.92,238.25,238.25,"99,879,100"
"Sep 19, 2024",234.00,244.24,232.13,243.92,243.92,"102,694,600"
"Sep 18, 2024",230.09,235.68,226.88,227.20,227.20,"78,010,200"
"Sep 17, 2024",229.45,234.57,226.55,227.87,227.87,"66,761,600"
"Sep 16, 2024",229.30,229.96,223.53,226.78,226.78,"54,323,000"
"Sep 13, 2024",228.00,232.67,226.32,230.29,230.29,"59,515,100"
"Sep 12, 2024",224.66,231.45,223.83,229.81,229.81,"72,020,000"
"Sep 11, 2024",224.55,228.47,216.80,228.13,228.13,"83,548,600"
"Sep 10, 2024",220.07,226.40,218.64,226.17,226.17,"78,891,100"
"Sep 9, 2024",216.20,219.87,213.67,216.27,216.27,"67,443,500"
"Sep 6, 2024",232.60,233.60,210.51,210.73,210.73,"112,177,000"
"Sep 5, 2024",223.49,235.00,222.25,230.17,230.17,"119,355,000"
"Sep 4, 2024",210.59,222.22,210.57,219.41,219.41,"80,651,800"
"Sep 3, 2024",215.26,219.90,209.64,210.60,210.60,"76,714,200"
"Aug 30, 2024",208.63,214.57,207.03,214.11,214.11,"63,370,600"
"Aug 29, 2024",209.80,214.89,205.97,206.28,206.28,"62,308,800"
"Aug 28, 2024",209.72,211.84,202.59,205.75,205.75,"64,116,400"
"Aug 27, 2024",213.25,215.66,206.94,209.21,209.21,"62,821,400"
"Aug 26, 2024",218.75,219.09,211.01,213.21,213.21,"59,301,200"
"Aug 23, 2024",214.46,221.48,214.21,220.32,220.32,"81,525,200"
"Aug 22, 2024",223.82,224.80,210.32,210.66,210.66,"79,514,500"
"Aug 21, 2024",222.67,224.66,218.86,223.27,223.27,"70,146,000"
"Aug 20, 2024",224.88,228.22,219.56,221.10,221.10,"74,001,200"
"Aug 19, 2024",217.07,222.98,214.09,222.72,222.72,"76,435,200"
"Aug 16, 2024",211.15,219.80,210.80,216.12,216.12,"88,765,100"
"Aug 15, 2024",205.02,215.88,204.82,214.14,214.14,"89,848,500"
"Aug 14, 2024",207.39,208.44,198.75,201.38,201.38,"70,250,000"
"Aug 13, 2024",198.47,208.49,197.06,207.83,207.83,"76,247,400"
"Aug 12, 2024",199.02,199.26,194.67,197.49,197.49,"64,044,900"
"Aug 9, 2024",197.05,200.88,195.11,200.00,200.00,"58,648,300"
"Aug 8, 2024",195.70,200.70,192.04,198.84,198.84,"65,033,900"
"Aug 7, 2024",200.77,203.49,191.48,191.76,191.76,"71,159,800"
"Aug 6, 2024",200.75,202.90,192.67,200.64,200.64,"73,783,900"
"Aug 5, 2024",185.22,203.88,182.00,198.88,198.88,"100,308,800"
"Aug 2, 2024",214.88,216.13,205.78,207.67,207.67,"82,880,100"
"Aug 1, 2024",227.69,231.87,214.33,216.86,216.86,"83,861,900"
"Jul 31, 2024",227.90,234.68,226.79,232.07,232.07,"67,497,000"
"Jul 30, 2024",232.25,232.41,220.00,222.62,222.62,"100,560,300"
"Jul 29, 2024",224.90,234.27,224.70,232.10,232.10,"129,201,800"
"Jul 26, 2024",221.19,222.28,215.33,219.80,219.80,"94,604,100"
"Jul 25, 2024",216.80,226.00,216.23,220.25,220.25,"100,636,500"
"Jul 24, 2024",225.42,225.99,214.71,215.99,215.99,"167,942,900"
"Jul 23, 2024",253.60,255.76,245.63,246.38,246.38,"111,928,200"
"Jul 22, 2024",244.21,253.21,243.75,251.51,251.51,"101,225,400"
"Jul 19, 2024",247.79,249.44,236.83,239.20,239.20,"87,403,900"
"Jul 18, 2024",251.09,257.14,247.20,249.23,249.23,"110,869,000"
"Jul 17, 2024",252.73,258.47,246.18,248.50,248.50,"115,584,800"
"Jul 16, 2024",255.31,258.62,245.80,256.56,256.56,"126,332,500"
"Jul 15, 2024",255.97,265.60,251.73,252.64,252.64,"146,912,900"
"Jul 12, 2024",235.80,251.84,233.09,248.23,248.23,"155,955,800"
"Jul 11, 2024",263.30,271.00,239.65,241.03,241.03,"221,707,300"
"Jul 10, 2024",262.80,267.59,257.86,263.26,263.26,"128,519,400"
"Jul 9, 2024",251.00,265.61,250.30,262.33,262.33,"160,210,900"
"Jul 8, 2024",247.71,259.44,244.57,252.94,252.94,"157,219,600"
"Jul 5, 2024",249.81,252.37,242.46,251.52,251.52,"154,501,200"
"Jul 3, 2024",234.56,248.35,234.25,246.39,246.39,"166,561,500"
"Jul 2, 2024",218.89,231.30,218.06,231.26,231.26,"205,047,900"
"Jul 1, 2024",201.02,213.23,200.85,209.86,209.86,"135,691,400"
"Jun 28, 2024",199.55,203.20,195.26,197.88,197.88,"95,438,100"
"Jun 27, 2024",195.17,198.72,194.05,197.42,197.42,"72,746,500"
"Jun 26, 2024",186.54,197.76,186.36,196.37,196.37,"95,737,100"
"Jun 25, 2024",184.40,187.97,182.01,187.35,187.35,"63,678,300"
"Jun 24, 2024",184.97,188.80,182.55,182.58,182.58,"61,992,100"
"Jun 21, 2024",182.30,183.95,180.69,183.01,183.01,"63,029,500"
"Jun 20, 2024",184.68,185.21,179.66,181.57,181.57,"55,893,100"
"Jun 18, 2024",186.56,187.20,182.37,184.86,184.86,"68,982,300"
"Jun 17, 2024",177.92,188.81,177.00,187.44,187.44,"109,786,100"
"Jun 14, 2024",185.80,186.00,176.92,178.01,178.01,"82,038,200"
"Jun 13, 2024",188.39,191.08,181.23,182.47,182.47,"118,984,100"
"Jun 12, 2024",171.12,180.55,169.80,177.29,177.29,"90,389,400"
"Jun 11, 2024",173.92,174.75,167.41,170.66,170.66,"64,761,900"
"Jun 10, 2024",176.06,178.57,173.17,173.79,173.79,"50,869,700"
"Jun 7, 2024",176.13,179.35,175.58,177.48,177.48,"56,244,900"
"Jun 6, 2024",174.60,179.73,172.73,177.94,177.94,"69,887,000"
"Jun 5, 2024",175.35,176.15,172.13,175.00,175.00,"57,953,800"
"Jun 4, 2024",174.78,177.76,174.00,174.77,174.77,"60,056,300"
"Jun 3, 2024",178.13,182.64,174.49,176.29,176.29,"68,568,900"
"May 31, 2024",178.50,180.32,173.82,178.08,178.08,"67,314,600"
"May 30, 2024",178.58,182.67,175.38,178.79,178.79,"77,784,800"
"May 29, 2024",174.19,178.15,173.93,176.19,176.19,"54,782,600"
"May 28, 2024",176.40,178.25,173.16,176.75,176.75,"59,736,600"
"May 24, 2024",174.84,180.08,173.73,179.24,179.24,"65,479,700"
"May 23, 2024",181.80,181.90,173.26,173.74,173.74,"71,975,500"
"May 22, 2024",182.85,183.80,178.12,180.11,180.11,"88,313,500"
"May 21, 2024",175.51,186.88,174.71,186.60,186.60,"115,266,500"
"May 20, 2024",177.56,177.75,173.52,174.95,174.95,"61,727,400"
"May 17, 2024",173.55,179.63,172.75,177.46,177.46,"77,445,800"
"May 16, 2024",174.10,175.79,171.43,174.84,174.84,"59,812,200"
"May 15, 2024",179.90,180.00,173.11,173.99,173.99,"79,663,000"
"May 14, 2024",174.50,179.49,174.07,177.55,177.55,"86,407,400"
"May 13, 2024",170.00,175.40,169.00,171.89,171.89,"67,018,900"
"May 10, 2024",173.05,173.06,167.75,168.47,168.47,"72,627,200"
"May 9, 2024",175.01,175.62,171.37,171.97,171.97,"65,950,300"
"May 8, 2024",171.59,176.06,170.15,174.72,174.72,"79,969,500"
"May 7, 2024",182.40,183.26,177.40,177.81,177.81,"75,045,900"
"May 6, 2024",183.80,187.56,182.20,184.76,184.76,"84,390,300"
"May 3, 2024",182.10,184.78,178.42,181.19,181.19,"75,491,500"
"May 2, 2024",182.86,184.60,176.02,180.01,180.01,"89,148,000"
"May 1, 2024",182.00,185.86,179.01,179.99,179.99,"92,829,700"
"Apr 30, 2024",186.98,190.95,182.84,183.28,183.28,"127,031,800"
"Apr 29, 2024",188.42,198.87,184.54,194.05,194.05,"243,869,700"
"Apr 26, 2024",168.85,172.12,166.37,168.29,168.29,"109,815,700"
"Apr 25, 2024",158.96,170.88,158.36,170.18,170.18,"126,427,500"
"Apr 24, 2024",162.84,167.97,157.51,162.13,162.13,"181,178,000"
"Apr 23, 2024",143.33,147.26,141.11,144.68,144.68,"124,545,100"
"Apr 22, 2024",140.56,144.44,138.80,142.05,142.05,"107,097,600"
"Apr 19, 2024",148.97,150.94,146.22,147.05,147.05,"86,005,100"
"Apr 18, 2024",151.25,152.20,148.70,149.93,149.93,"96,098,800"
"Apr 17, 2024",157.64,158.33,153.78,155.45,155.45,"82,439,700"
"Apr 16, 2024",156.74,158.19,153.75,157.11,157.11,"97,000,000"
"Apr 15, 2024",170.24,170.69,161.38,161.48,161.48,"100,245,300"
"Apr 12, 2024",172.34,173.81,170.36,171.05,171.05,"64,506,600"
"Apr 11, 2024",172.55,175.88,168.51,174.60,174.60,"94,516,000"
"Apr 10, 2024",173.04,174.93,170.01,171.76,171.76,"84,532,400"
"Apr 9, 2024",172.91,179.22,171.92,176.88,176.88,"103,232,700"
"Apr 8, 2024",169.34,174.50,167.79,172.98,172.98,"104,423,300"
"Apr 5, 2024",169.08,170.86,160.51,164.90,164.90,"141,250,700"
"Apr 4, 2024",170.07,177.19,168.01,171.11,171.11,"123,162,000"
"Apr 3, 2024",164.02,168.82,163.28,168.38,168.38,"82,950,100"
"Apr 2, 2024",164.75,167.69,163.43,166.63,166.63,"116,650,600"
"Apr 1, 2024",176.17,176.75,170.21,175.22,175.22,"81,562,100"
"Mar 28, 2024",177.45,179.57,175.30,175.79,175.79,"77,654,800"
"Mar 27, 2024",181.41,181.91,176.00,179.83,179.83,"81,804,000"
"Mar 26, 2024",178.58,184.25,177.38,177.67,177.67,"113,186,200"
"Mar 25, 2024",168.76,175.24,168.73,172.63,172.63,"74,228,600"
"Mar 22, 2024",166.69,171.20,166.30,170.83,170.83,"75,454,700"
"Mar 21, 2024",176.39,178.18,171.80,172.82,172.82,"73,178,000"
"Mar 20, 2024",173.00,176.25,170.82,175.66,175.66,"83,846,700"
"Mar 19, 2024",172.36,172.82,167.42,171.32,171.32,"77,271,400"
"Mar 18, 2024",170.02,174.72,165.90,173.80,173.80,"108,214,400"
"Mar 15, 2024",163.16,165.18,160.76,163.57,163.57,"96,971,900"
"Mar 14, 2024",167.77,171.17,160.51,162.50,162.50,"126,325,700"
"Mar 13, 2024",173.05,176.05,169.15,169.48,169.48,"106,524,500"
"Mar 12, 2024",177.77,179.43,172.41,177.54,177.54,"87,391,700"
"Mar 11, 2024",175.45,182.87,174.80,177.77,177.77,"85,391,500"
"Mar 8, 2024",181.50,182.73,174.70,175.34,175.34,"85,315,300"
"Mar 7, 2024",174.35,180.04,173.70,178.65,178.65,"102,129,000"
"Mar 6, 2024",179.99,181.58,173.70,176.54,176.54,"107,920,900"
"Mar 5, 2024",183.05,184.59,177.57,180.74,180.74,"119,660,800"
"Mar 4, 2024",198.73,199.75,186.72,188.14,188.14,"134,334,900"
"Mar 1, 2024",200.52,204.52,198.50,202.64,202.64,"82,099,200"
"Feb 29, 2024",204.18,205.28,198.45,201.88,201.88,"85,907,000"
"Feb 28, 2024",200.42,205.30,198.44,202.04,202.04,"99,806,200"
"Feb 27, 2024",204.04,205.60,198.26,199.73,199.73,"108,645,400"
"Feb 26, 2024",192.29,201.78,192.00,199.40,199.40,"111,747,100"
"Feb 23, 2024",195.31,197.57,191.50,191.97,191.97,"78,841,900"
"Feb 22, 2024",194.00,198.32,191.36,197.41,197.41,"92,739,500"
"Feb 21, 2024",193.36,199.44,191.95,194.77,194.77,"103,844,000"
"Feb 20, 2024",196.13,198.60,189.13,193.76,193.76,"104,545,800"
"Feb 16, 2024",202.06,203.17,197.40,199.95,199.95,"111,173,600"
"Feb 15, 2024",189.16,200.88,188.86,200.45,200.45,"120,831,800"
"Feb 14, 2024",185.30,188.89,183.35,188.71,188.71,"81,203,000"
"Feb 13, 2024",183.99,187.26,182.11,184.02,184.02,"86,759,500"
"Feb 12, 2024",192.11,194.73,187.28,188.13,188.13,"95,498,600"
"Feb 9, 2024",190.18,194.12,189.48,193.57,193.57,"84,476,300"
"Feb 8, 2024",189.00,191.62,185.58,189.56,189.56,"83,034,000"
"Feb 7, 2024",188.18,189.79,182.68,187.58,187.58,"111,535,200"
"Feb 6, 2024",177.21,186.49,177.11,185.10,185.10,"122,676,000"
"Feb 5, 2024",184.26,184.68,175.01,181.06,181.06,"134,294,400"
"Feb 2, 2024",185.04,188.69,182.00,187.91,187.91,"110,505,100"
"Feb 1, 2024",188.50,189.88,184.28,188.86,188.86,"91,843,300"
"Jan 31, 2024",187.00,193.97,185.85,187.29,187.29,"103,221,400"
"Jan 30, 2024",195.33,196.36,190.61,191.59,191.59,"109,982,300"
"Jan 29, 2024",185.63,191.48,183.67,190.93,190.93,"125,013,100"
"Jan 26, 2024",185.50,186.78,182.10,183.25,183.25,"107,343,200"
"Jan 25, 2024",189.70,193.00,180.06,182.63,182.63,"198,076,800"
"Jan 24, 2024",211.88,212.73,206.77,207.83,207.83,"123,369,900"
"Jan 23, 2024",211.30,215.65,207.75,209.14,209.14,"106,605,900"
"Jan 22, 2024",212.26,217.80,206.27,208.80,208.80,"117,952,500"
"Jan 19, 2024",209.99,213.19,207.56,212.19,212.19,"102,095,800"
"Jan 18, 2024",216.88,217.45,208.74,211.88,211.88,"108,595,400"
"Jan 17, 2024",214.86,215.67,212.01,215.55,215.55,"103,164,400"
"Jan 16, 2024",215.10,223.49,212.18,219.91,219.91,"115,355,000"
"Jan 12, 2024",220.08,225.34,217.15,218.89,218.89,"122,889,000"
"Jan 11, 2024",230.57,230.93,225.37,227.22,227.22,"105,873,600"
"Jan 10, 2024",235.10,235.50,231.29,233.94,233.94,"91,628,500"
"Jan 9, 2024",238.11,238.96,232.04,234.96,234.96,"96,705,700"
"Jan 8, 2024",236.14,241.25,235.30,240.45,240.45,"85,166,600"
"Jan 5, 2024",236.86,240.12,234.90,237.49,237.49,"92,379,400"
"Jan 4, 2024",239.25,242.70,237.73,237.93,237.93,"102,629,300"
"Jan 3, 2024",244.98,245.68,236.32,238.45,238.45,"121,082,600"
"Jan 2, 2024",250.08,251.25,244.41,248.42,248.42,"104,654,200"
"Dec 29, 2023",255.10,255.19,247.43,248.48,248.48,"100,615,300"
"Dec 28, 2023",263.66,265.13,252.71,253.18,253.18,"113,619,900"
"Dec 27, 2023",258.35,263.34,257.52,261.44,261.44,"106,494,400"
"Dec 26, 2023",254.49,257.97,252.91,256.61,256.61,"86,892,400"
"Dec 22, 2023",256.76,258.22,251.37,252.54,252.54,"93,249,800"
"Dec 21, 2023",251.90,254.80,248.55,254.50,254.50,"109,594,200"
"Dec 20, 2023",256.41,259.84,247.00,247.14,247.14,"125,097,000"
"Dec 19, 2023",253.48,258.34,253.01,257.22,257.22,"106,737,400"
"Dec 18, 2023",253.78,258.74,251.36,252.08,252.08,"116,416,500"
"Dec 15, 2023",251.21,254.13,248.30,253.50,253.50,"135,720,800"
"Dec 14, 2023",241.22,253.88,240.79,251.05,251.05,"160,829,200"
"Dec 13, 2023",234.19,240.30,228.20,239.29,239.29,"146,286,300"
"Dec 12, 2023",238.55,238.99,233.87,237.01,237.01,"95,328,300"
"Dec 11, 2023",242.74,243.44,237.45,239.74,239.74,"97,913,900"
"Dec 8, 2023",240.27,245.27,239.27,243.84,243.84,"102,980,100"
"Dec 7, 2023",241.55,244.08,236.98,242.64,242.64,"107,142,300"
"Dec 6, 2023",242.92,246.57,239.17,239.37,239.37,"126,436,200"
"Dec 5, 2023",233.87,246.66,233.70,238.72,238.72,"137,971,100"
"Dec 4, 2023",235.75,239.37,233.29,235.58,235.58,"104,099,800"
"Dec 1, 2023",233.14,240.19,231.90,238.83,238.83,"121,173,500"
"Nov 30, 2023",245.14,245.22,236.91,240.08,240.08,"132,353,200"
"Nov 29, 2023",249.21,252.75,242.76,244.14,244.14,"135,401,300"
"Nov 28, 2023",236.68,247.00,234.01,246.72,246.72,"148,549,900"
"Nov 27, 2023",236.89,238.33,232.10,236.08,236.08,"112,031,800"
"Nov 24, 2023",233.75,238.75,232.33,235.45,235.45,"65,125,200"
"Nov 22, 2023",242.04,244.01,231.40,234.21,234.21,"117,950,600"
"Nov 21, 2023",235.04,243.62,233.34,241.20,241.20,"122,288,000"
"Nov 20, 2023",234.04,237.10,231.02,235.60,235.60,"116,320,100"
"Nov 17, 2023",232.00,237.39,226.54,234.30,234.30,"142,532,800"
"Nov 16, 2023",239.49,240.88,230.96,233.59,233.59,"136,816,800"
"Nov 15, 2023",239.29,246.70,236.45,242.84,242.84,"150,354,000"
"Nov 14, 2023",235.03,238.14,230.72,237.41,237.41,"149,771,600"
"Nov 13, 2023",215.60,225.40,211.61,223.71,223.71,"140,447,600"
"Nov 10, 2023",210.03,215.38,205.69,214.65,214.65,"130,994,000"
"Nov 9, 2023",219.75,220.80,206.68,209.98,209.98,"142,110,500"
"Nov 8, 2023",223.15,224.15,217.64,222.11,222.11,"106,584,800"
"Nov 7, 2023",219.98,223.12,215.72,222.18,222.18,"116,900,100"
"Nov 6, 2023",223.98,226.32,215.00,219.27,219.27,"117,335,800"
"Nov 3, 2023",221.15,226.37,218.40,219.96,219.96,"119,281,000"
"Nov 2, 2023",212.97,219.20,211.45,218.51,218.51,"125,987,600"
"Nov 1, 2023",204.04,205.99,197.85,205.66,205.66,"121,661,700"
"Oct 31, 2023",196.12,202.80,194.07,200.84,200.84,"118,068,300"
"Oct 30, 2023",209.28,210.88,194.67,197.36,197.36,"136,448,200"
"Oct 27, 2023",210.60,212.41,205.77,207.30,207.30,"94,881,200"
"Oct 26, 2023",211.32,214.80,204.88,205.76,205.76,"115,112,600"
"Oct 25, 2023",215.88,220.10,212.20,212.42,212.42,"107,065,100"
"Oct 24, 2023",216.50,222.05,214.11,216.52,216.52,"118,231,100"
"Oct 23, 2023",210.00,216.98,202.51,212.08,212.08,"150,683,400"
"Oct 20, 2023",217.01,218.86,210.42,211.99,211.99,"137,734,000"
"Oct 19, 2023",225.95,230.61,216.78,220.11,220.11,"170,772,700"
"Oct 18, 2023",252.70,254.63,242.08,242.68,242.68,"125,147,800"
"Oct 17, 2023",250.10,257.18,247.08,254.85,254.85,"93,562,900"
"Oct 16, 2023",250.05,255.40,248.48,253.92,253.92,"88,917,200"
"Oct 13, 2023",258.90,259.60,250.22,251.12,251.12,"102,073,800"
"Oct 12, 2023",262.92,265.41,256.63,258.87,258.87,"111,508,100"
"Oct 11, 2023",266.20,268.60,260.90,262.99,262.99,"103,706,300"
"Oct 10, 2023",257.75,268.94,257.65,263.62,263.62,"122,656,000"
"Oct 9, 2023",255.31,261.36,252.05,259.67,259.67,"101,377,900"
"Oct 6, 2023",253.98,261.65,250.65,260.53,260.53,"117,947,000"
"Oct 5, 2023",260.00,263.60,256.25,260.05,260.05,"119,159,200"
"Oct 4, 2023",248.14,261.86,247.60,261.16,261.16,"129,721,600"
"Oct 3, 2023",248.61,250.02,244.45,246.53,246.53,"101,985,300"
"Oct 2, 2023",244.81,254.28,242.62,251.60,251.60,"123,810,400"
"Sep 29, 2023",250.00,254.77,246.35,250.22,250.22,"128,346,200"
"Sep 28, 2023",240.02,247.55,238.65,246.38,246.38,"117,058,900"
"Sep 27, 2023",244.26,245.33,234.58,240.50,240.50,"136,597,200"
"Sep 26, 2023",242.98,249.55,241.66,244.12,244.12,"101,993,600"
"Sep 25, 2023",243.38,247.10,238.31,246.99,246.99,"104,636,600"
"Sep 22, 2023",257.40,257.79,244.48,244.88,244.88,"127,524,100"
"Sep 21, 2023",257.85,260.86,254.21,255.70,255.70,"119,531,000"
"Sep 20, 2023",267.04,273.93,262.46,262.59,262.59,"122,514,600"
"Sep 19, 2023",264.35,267.85,261.20,266.50,266.50,"103,704,000"
"Sep 18, 2023",271.16,271.44,263.76,265.28,265.28,"101,543,300"
"Sep 15, 2023",277.55,278.98,271.00,274.39,274.39,"133,422,800"
"Sep 14, 2023",271.32,276.71,270.42,276.04,276.04,"107,709,800"
"Sep 13, 2023",270.07,274.98,268.10,271.30,271.30,"111,673,700"
"Sep 12, 2023",270.76,278.39,266.60,267.48,267.48,"135,999,900"
"Sep 11, 2023",264.27,274.85,260.61,273.58,273.58,"174,667,900"
"Sep 8, 2023",251.22,256.52,246.67,248.50,248.50,"118,367,700"
"Sep 7, 2023",245.07,252.81,243.27,251.49,251.49,"115,312,900"
"Sep 6, 2023",255.14,255.39,245.06,251.92,251.92,"116,959,800"
"Sep 5, 2023",245.00,258.00,244.86,256.49,256.49,"129,469,600"
"Sep 1, 2023",257.26,259.08,242.01,245.01,245.01,"132,272,500"
"Aug 31, 2023",255.98,261.18,255.05,258.08,258.08,"108,861,700"
"Aug 30, 2023",254.20,260.51,250.59,256.90,256.90,"121,988,400"
"Aug 29, 2023",238.58,257.48,237.77,257.18,257.18,"134,047,600"
"Aug 28, 2023",242.58,244.38,235.35,238.82,238.82,"107,673,700"
"Aug 25, 2023",231.31,239.00,230.35,238.59,238.59,"106,612,200"
"Aug 24, 2023",238.66,238.92,228.18,230.04,230.04,"99,777,400"
"Aug 23, 2023",229.34,238.98,229.29,236.86,236.86,"101,077,600"
"Aug 22, 2023",240.25,240.82,229.55,233.19,233.19,"130,597,900"
"Aug 21, 2023",221.55,232.13,220.58,231.28,231.28,"135,702,700"
"Aug 18, 2023",214.12,217.58,212.36,215.49,215.49,"135,813,700"
"Aug 17, 2023",226.06,226.74,218.83,219.22,219.22,"120,718,400"
"Aug 16, 2023",228.02,233.97,225.38,225.60,225.60,"112,484,500"
"Aug 15, 2023",238.73,240.50,232.61,232.96,232.96,"88,197,600"
"Aug 14, 2023",235.70,240.66,233.75,239.76,239.76,"98,595,300"
"Aug 11, 2023",241.77,243.79,238.02,242.65,242.65,"98,866,600"
"Aug 10, 2023",245.40,251.80,243.00,245.34,245.34,"109,498,600"
"Aug 9, 2023",250.87,251.10,241.90,242.19,242.19,"101,596,300"
"Aug 8, 2023",247.45,250.92,245.01,249.70,249.70,"96,642,200"
"Aug 7, 2023",251.45,253.65,242.76,251.45,251.45,"111,097,900"
"Aug 4, 2023",260.97,264.77,253.11,253.86,253.86,"99,242,600"
"Aug 3, 2023",252.04,260.49,252.00,259.32,259.32,"97,569,100"
"Aug 2, 2023",255.57,259.52,250.49,254.11,254.11,"101,752,900"
"Aug 1, 2023",266.26,266.47,260.25,261.07,261.07,"83,166,000"
"Jul 31, 2023",267.48,269.08,263.78,267.43,267.43,"84,582,200"
"Jul 28, 2023",259.86,267.25,258.23,266.44,266.44,"111,446,000"
"Jul 27, 2023",268.31,269.13,255.30,255.71,255.71,"103,697,300"
"Jul 26, 2023",263.25,268.04,261.75,264.35,264.35,"95,856,200"
"Jul 25, 2023",272.38,272.90,265.00,265.28,265.28,"112,757,300"
"Jul 24, 2023",255.85,269.85,254.12,269.06,269.06,"136,508,500"
"Jul 21, 2023",268.00,268.00,255.80,260.02,260.02,"161,050,100"
"Jul 20, 2023",279.56,280.93,261.20,262.90,262.90,"175,158,300"
"Jul 19, 2023",296.04,299.29,289.52,291.26,291.26,"142,355,400"
"Jul 18, 2023",290.15,295.26,286.01,293.34,293.34,"112,434,700"
"Jul 17, 2023",286.63,292.23,283.57,290.38,290.38,"131,569,600"
"Jul 14, 2023",277.01,285.30,276.31,281.38,281.38,"119,771,100"
"Jul 13, 2023",274.59,279.45,270.60,277.90,277.90,"112,681,500"
"Jul 12, 2023",276.33,276.52,271.46,271.99,271.99,"95,672,100"
"Jul 11, 2023",268.65,270.90,266.37,269.79,269.79,"91,972,400"
"Jul 10, 2023",276.47,277.52,265.10,269.61,269.61,"119,425,400"
"Jul 7, 2023",278.43,280.78,273.77,274.43,274.43,"113,602,000"
"Jul 6, 2023",278.09,279.97,272.88,276.54,276.54,"120,332,100"
"Jul 5, 2023",278.82,283.85,277.60,282.48,282.48,"131,530,900"
"Jul 3, 2023",276.49,284.25,275.11,279.82,279.82,"119,685,900"
"Jun 30, 2023",260.60,264.45,259.89,261.77,261.77,"112,267,600"
"Jun 29, 2023",258.03,260.74,253.61,257.50,257.50,"131,283,400"
"Jun 28, 2023",249.70,259.88,248.89,256.24,256.24,"159,770,800"
"Jun 27, 2023",243.24,250.39,240.85,250.21,250.21,"164,968,200"
"Jun 26, 2023",250.07,258.37,240.70,241.05,241.05,"179,990,600"
"Jun 23, 2023",259.29,262.45,252.80,256.60,256.60,"176,584,100"
"Jun 22, 2023",250.77,265.00,248.25,264.61,264.61,"166,875,900"
"Jun 21, 2023",275.13,276.99,257.78,259.46,259.46,"211,797,100"
"Jun 20, 2023",261.50,274.75,261.12,274.45,274.45,"165,611,200"
"Jun 16, 2023",258.92,263.60,257.21,260.54,260.54,"167,563,700"
"Jun 15, 2023",248.40,258.95,247.29,255.90,255.90,"160,171,200"
"Jun 14, 2023",260.17,261.57,250.50,256.79,256.79,"170,575,500"
"Jun 13, 2023",253.51,259.68,251.34,258.71,258.71,"162,384,300"
"Jun 12, 2023",247.94,250.97,244.59,249.83,249.83,"150,337,900"
"Jun 9, 2023",249.07,252.42,242.02,244.40,244.40,"199,882,300"
"Jun 8, 2023",224.22,235.23,223.01,234.86,234.86,"164,489,700"
"Jun 7, 2023",228.00,230.83,223.20,224.57,224.57,"185,710,800"
"Jun 6, 2023",216.14,221.91,212.53,221.31,221.31,"146,911,600"
"Jun 5, 2023",217.80,221.29,214.52,217.61,217.61,"151,143,100"
"Jun 2, 2023",210.15,217.25,209.75,213.97,213.97,"164,129,000"
"Jun 1, 2023",202.59,209.80,199.37,207.52,207.52,"148,029,900"
"May 31, 2023",199.78,203.95,195.12,203.93,203.93,"150,711,700"
"May 30, 2023",200.10,204.48,197.53,201.16,201.16,"128,818,700"
"May 26, 2023",184.62,198.60,184.53,193.17,193.17,"162,061,500"
"May 25, 2023",186.54,186.78,180.58,184.47,184.47,"96,870,700"
"May 24, 2023",182.23,184.22,178.22,182.90,182.90,"137,605,100"
"May 23, 2023",186.20,192.96,185.26,185.77,185.77,"156,952,100"
"May 22, 2023",180.70,189.32,180.11,188.87,188.87,"132,001,400"
"May 19, 2023",177.17,181.95,176.31,180.14,180.14,"136,024,200"
"May 18, 2023",174.22,177.06,172.45,176.89,176.89,"109,520,300"
"May 17, 2023",168.41,174.50,167.19,173.86,173.86,"125,473,600"
"May 16, 2023",165.65,169.52,164.35,166.52,166.52,"98,288,800"
"May 15, 2023",167.66,169.76,164.55,166.35,166.35,"105,592,500"
"May 12, 2023",176.07,177.38,167.23,167.98,167.98,"157,577,100"
"May 11, 2023",168.70,173.57,166.79,172.08,172.08,"103,889,900"
"May 10, 2023",172.55,174.43,166.68,168.54,168.54,"119,840,700"
"May 9, 2023",168.95,169.82,166.56,169.15,169.15,"88,965,000"
"May 8, 2023",173.72,173.80,169.19,171.79,171.79,"112,249,400"
"May 5, 2023",163.97,170.79,163.51,170.06,170.06,"107,440,900"
"May 4, 2023",162.71,162.95,159.65,161.20,161.20,"95,108,500"
"May 3, 2023",160.01,165.00,159.91,160.61,160.61,"119,728,000"
"May 2, 2023",161.88,165.49,158.93,160.31,160.31,"128,259,700"
"May 1, 2023",163.17,163.28,158.83,161.83,161.83,"109,015,000"
"Apr 28, 2023",160.90,165.00,157.32,164.31,164.31,"122,515,800"
"Apr 27, 2023",152.64,160.48,152.37,160.19,160.19,"127,015,200"
"Apr 26, 2023",160.29,160.67,153.14,153.75,153.75,"153,364,100"
"Apr 25, 2023",159.82,163.47,158.75,160.67,160.67,"121,999,300"
"Apr 24, 2023",164.65,165.65,158.61,162.55,162.55,"140,006,600"
"Apr 21, 2023",164.80,166.00,161.32,165.08,165.08,"123,539,000"
"Apr 20, 2023",166.17,169.70,160.56,162.99,162.99,"210,970,800"
"Apr 19, 2023",179.10,183.50,177.65,180.59,180.59,"125,732,700"
"Apr 18, 2023",187.15,187.69,183.58,184.31,184.31,"92,067,000"
"Apr 17, 2023",186.32,189.69,182.69,187.04,187.04,"116,662,200"
"Apr 14, 2023",183.95,186.28,182.01,185.00,185.00,"96,438,700"
"Apr 13, 2023",182.96,186.50,180.94,185.90,185.90,"112,933,000"
"Apr 12, 2023",190.74,191.58,180.31,180.54,180.54,"150,256,300"
"Apr 11, 2023",186.69,189.19,185.65,186.79,186.79,"115,770,900"
"Apr 10, 2023",179.94,185.10,176.11,184.51,184.51,"142,154,600"
"Apr 6, 2023",183.08,186.39,179.74,185.06,185.06,"123,857,900"
"Apr 5, 2023",190.52,190.68,183.76,185.52,185.52,"133,882,500"
"Apr 4, 2023",197.32,198.74,190.32,192.58,192.58,"126,463,800"
"Apr 3, 2023",199.91,202.69,192.20,194.77,194.77,"169,545,900"
"Mar 31, 2023",197.53,207.79,197.20,207.46,207.46,"170,222,100"
"Mar 30, 2023",195.58,197.33,194.42,195.28,195.28,"110,252,200"
"Mar 29, 2023",193.13,195.29,189.44,193.88,193.88,"123,660,000"
"Mar 28, 2023",192.00,192.35,185.43,189.19,189.19,"98,654,600"
"Mar 27, 2023",194.42,197.39,189.94,191.81,191.81,"120,851,600"
"Mar 24, 2023",191.65,192.36,187.15,190.41,190.41,"116,312,400"
"Mar 23, 2023",195.26,199.31,188.65,192.22,192.22,"144,193,900"
"Mar 22, 2023",199.30,200.66,190.95,191.15,191.15,"150,376,400"
"Mar 21, 2023",188.28,198.00,188.04,197.58,197.58,"153,391,400"
"Mar 20, 2023",178.08,186.44,176.35,183.25,183.25,"129,684,400"
"Mar 17, 2023",184.52,186.22,177.33,180.13,180.13,"133,197,100"
"Mar 16, 2023",180.37,185.81,178.84,184.13,184.13,"121,136,800"
"Mar 15, 2023",180.80,182.34,176.03,180.45,180.45,"145,995,600"
"Mar 14, 2023",177.31,183.80,177.14,183.26,183.26,"143,717,900"
"Mar 13, 2023",167.46,177.35,163.91,174.48,174.48,"167,790,300"
"Mar 10, 2023",175.13,178.29,168.44,173.44,173.44,"191,488,900"
"Mar 9, 2023",180.25,185.18,172.51,172.92,172.92,"170,023,800"
"Mar 8, 2023",185.04,186.50,180.00,182.00,182.00,"151,897,800"
"Mar 7, 2023",191.38,194.20,186.10,187.71,187.71,"148,125,800"
"Mar 6, 2023",198.54,198.60,192.30,193.81,193.81,"128,100,100"
"Mar 3, 2023",194.80,200.48,192.88,197.79,197.79,"154,193,300"
"Mar 2, 2023",186.74,193.75,186.01,190.90,190.90,"181,500,700"
"Mar 1, 2023",206.21,207.20,198.52,202.77,202.77,"156,852,800"
"Feb 28, 2023",210.59,211.23,203.75,205.71,205.71,"153,144,900"
"Feb 27, 2023",202.03,209.42,201.26,207.63,207.63,"161,028,300"
"Feb 24, 2023",196.33,197.67,192.80,196.88,196.88,"142,228,100"
"Feb 23, 2023",203.91,205.14,196.33,202.07,202.07,"146,360,000"
"Feb 22, 2023",197.93,201.99,191.78,200.86,200.86,"191,828,500"
"Feb 21, 2023",204.99,209.71,197.22,197.37,197.37,"180,018,600"
"Feb 17, 2023",199.99,208.44,197.50,208.31,208.31,"213,738,500"
"Feb 16, 2023",210.78,217.65,201.84,202.04,202.04,"229,586,500"
"Feb 15, 2023",211.76,214.66,206.11,214.24,214.24,"181,006,400"
"Feb 14, 2023",191.94,209.82,189.44,209.25,209.25,"216,455,700"
"Feb 13, 2023",194.42,196.30,187.61,194.64,194.64,"172,475,500"
"Feb 10, 2023",202.23,206.20,192.89,196.89,196.89,"204,754,100"
"Feb 9, 2023",207.78,214.00,204.77,207.32,207.32,"215,431,400"
"Feb 8, 2023",196.10,203.00,194.31,201.29,201.29,"180,673,600"
"Feb 7, 2023",196.43,197.50,189.55,196.81,196.81,"186,010,300"
"Feb 6, 2023",193.01,198.17,189.92,194.76,194.76,"186,188,100"
"Feb 3, 2023",183.95,199.00,183.69,189.98,189.98,"232,662,000"
"Feb 2, 2023",187.33,196.75,182.61,188.27,188.27,"217,448,300"
"Feb 1, 2023",173.89,183.81,169.93,181.41,181.41,"213,806,300"
"Jan 31, 2023",164.57,174.30,162.78,173.22,173.22,"196,813,500"
"Jan 30, 2023",178.05,179.77,166.50,166.66,166.66,"230,878,800"
"Jan 27, 2023",162.43,180.68,161.17,177.90,177.90,"306,590,600"
"Jan 26, 2023",159.97,161.42,154.76,160.27,160.27,"234,815,100"
"Jan 25, 2023",141.91,146.41,138.07,144.43,144.43,"192,734,300"
"Jan 24, 2023",143.00,146.50,141.10,143.89,143.89,"158,699,100"
"Jan 23, 2023",135.87,145.38,134.27,143.75,143.75,"203,119,200"
"Jan 20, 2023",128.68,133.51,127.35,133.42,133.42,"138,858,100"
"Jan 19, 2023",127.26,129.99,124.31,127.17,127.17,"170,291,900"
"Jan 18, 2023",136.56,136.68,127.01,128.78,128.78,"195,680,300"
"Jan 17, 2023",125.70,131.70,125.02,131.49,131.49,"186,477,000"
"Jan 13, 2023",116.55,122.63,115.60,122.40,122.40,"180,714,100"
"Jan 12, 2023",122.56,124.13,117.00,123.56,123.56,"169,400,900"
"Jan 11, 2023",122.09,125.95,120.51,123.22,123.22,"183,810,800"
"Jan 10, 2023",121.07,122.76,114.92,118.85,118.85,"167,642,500"
"Jan 9, 2023",118.96,123.52,117.11,119.77,119.77,"190,284,000"
"Jan 6, 2023",103.00,114.39,101.81,113.06,113.06,"220,911,100"
"Jan 5, 2023",110.51,111.75,107.16,110.34,110.34,"157,986,300"
"Jan 4, 2023",109.11,114.59,107.52,113.64,113.64,"180,389,000"
"Jan 3, 2023",118.47,118.80,104.64,108.10,108.10,"231,402,800"
